{"inheritsFrom":"1.16.5","releaseTime":"2023-05-30T17:01:40+0000","mainClass":"net.fabricmc.loader.impl.launch.knot.KnotClient","libraries":[{"name":"net.fabricmc:tiny-mappings-parser:0.3.0+build.17","url":"https://maven.fabricmc.net/"},{"name":"net.fabricmc:sponge-mixin:0.12.5+mixin.0.8.5","url":"https://maven.fabricmc.net/"},{"name":"net.fabricmc:tiny-remapper:0.8.2","url":"https://maven.fabricmc.net/"},{"name":"net.fabricmc:access-widener:2.1.0","url":"https://maven.fabricmc.net/"},{"name":"org.ow2.asm:asm:9.5","url":"https://maven.fabricmc.net/"},{"name":"org.ow2.asm:asm-analysis:9.5","url":"https://maven.fabricmc.net/"},{"name":"org.ow2.asm:asm-commons:9.5","url":"https://maven.fabricmc.net/"},{"name":"org.ow2.asm:asm-tree:9.5","url":"https://maven.fabricmc.net/"},{"name":"org.ow2.asm:asm-util:9.5","url":"https://maven.fabricmc.net/"},{"name":"net.fabricmc:intermediary:1.16.5","url":"https://maven.fabricmc.net/"},{"name":"net.fabricmc:fabric-loader:0.14.21","url":"https://maven.fabricmc.net/"}],"arguments":{"jvm":["-DFabricMcEmu= net.minecraft.client.main.Main "],"game":[]},"id":"fabric-loader-0.14.21-1.16.5","time":"2023-05-30T17:01:40+0000","type":"release"}